time_ms,x,y,action
0,10.0,0.0,forward
50,10.871557427476581,0.03805301908254467,arc
100,11.736481776669303,0.15192246987791944,arc
150,12.588190451025207,0.34074173710931716,arc
200,13.420201433256688,0.6030737921409162,arc
250,14.226182617406995,0.9369221296335004,arc
300,15.0,1.3397459621556136,arc
350,15.73576436351046,1.8084795571100822,arc
400,16.427876096865393,2.33955556881022,arc
450,17.071067811865476,2.9289321881345254,arc
500,17.66044443118978,3.572123903134608,arc
550,18.191520442889917,4.26423563648954,arc
600,18.660254037844386,5.000000000000002,arc
650,19.0630778703665,5.773817382593008,arc
700,19.39692620785908,6.579798566743316,arc
750,19.65925826289068,7.411809548974796,arc
800,19.84807753012208,8.263518223330701,arc
850,19.961946980917453,9.128442572523424,arc
900,19.999999999999996,10.000000000000007,arc
950,19.999999999999993,20.00000000000002,forward
1000,19.999999999999993,23.535533905932763,forward-B-start
1050,16.464466094067248,20.000000000000018,arc-B
1100,19.999999999999993,20.000000000000014,forward-B-end
1150,30.00000000000001,20.00000000000001,forward
1200,30.871557427476596,20.038053019082554,arc
1250,31.73648177666932,20.151922469877928,arc
1300,32.58819045102523,20.340741737109326,arc
1350,33.42020143325671,20.603073792140925,arc
1400,34.22618261740702,20.93692212963351,arc
1450,35.00000000000003,21.33974596215562,arc
1500,35.73576436351049,21.80847955711009,arc
1550,36.427876096865425,22.33955556881023,arc
1600,37.07106781186551,22.928932188134535,arc
1650,37.660444431189816,23.572123903134617,arc
1700,38.19152044288995,24.264235636489552,arc
1750,38.660254037844425,25.000000000000014,arc
1800,39.06307787036654,25.773817382593023,arc
1850,39.396926207859124,26.57979856674333,arc
1900,39.659258262890724,27.411809548974812,arc
1950,39.848077530122126,28.263518223330717,arc
2000,39.9619469809175,29.12844257252344,arc
2050,40.00000000000005,30.000000000000025,arc
2100,40.00000000000006,40.00000000000006,forward
2150,39.96194698091751,40.87155742747664,arc
2200,39.84807753012213,41.736481776669365,arc
2250,39.65925826289074,42.58819045102527,arc
2300,39.39692620785914,43.42020143325675,arc
2350,39.063077870366556,44.22618261740706,arc
2400,38.66025403784444,45.00000000000007,arc
2450,38.19152044288997,45.73576436351053,arc
2500,37.66044443118983,46.42787609686547,arc
2550,37.071067811865525,47.071067811865554,arc
2600,36.42787609686544,47.66044443118986,arc
2650,35.735764363510505,48.19152044289,arc
2700,35.00000000000004,48.660254037844474,arc
2750,34.226182617407034,49.06307787036659,arc
2800,33.42020143325672,49.396926207859174,arc
2850,32.58819045102524,49.65925826289077,arc
2900,31.736481776669333,49.848077530122175,arc
2950,30.871557427476606,49.96194698091755,arc
3000,30.00000000000002,50.0000000000001,arc
3050,19.999999999999975,50.00000000000011,forward
3100,16.46446609406722,50.000000000000114,forward-B-start
3150,19.999999999999968,46.464466094067355,arc-B
3200,19.999999999999975,50.00000000000011,forward-B-end
3250,19.999999999999993,60.000000000000156,forward
3300,20.0,63.53553390593291,forward-B-start
3350,16.464466094067237,60.00000000000017,arc-B
3400,19.999999999999993,60.00000000000016,forward-B-end
3450,30.000000000000043,60.000000000000135,forward
3500,33.535533905932795,60.00000000000013,forward-B-start
3550,30.000000000000043,63.5355339059329,arc-B
3600,30.000000000000032,60.00000000000014,forward-B-end
3650,29.999999999999996,50.000000000000085,forward
3700,30.03805301908254,49.1284425725235,arc
3750,30.151922469877913,48.26351822333077,arc
3800,30.340741737109308,47.41180954897486,arc
3850,30.603073792140904,46.57979856674337,arc
3900,30.936922129633487,45.77381738259306,arc
3950,31.3397459621556,45.00000000000005,arc
4000,31.80847955711007,44.26423563648958,arc
4050,32.339555568810205,43.572123903134646,arc
4100,32.92893218813451,42.92893218813456,arc
4150,33.572123903134596,42.33955556881025,arc
4200,34.26423563648953,41.808479557110104,arc
4250,34.99999999999999,41.33974596215563,arc
4300,35.773817382593,40.936922129633516,arc
4350,36.579798566743314,40.603073792140925,arc
4400,37.411809548974794,40.34074173710932,arc
4450,38.263518223330706,40.15192246987792,arc
4500,39.12844257252343,40.03805301908254,arc
4550,40.00000000000002,39.99999999999999,arc
4600,50.000000000000085,39.99999999999996,forward
4650,50.871557427476674,40.0380530190825,arc
4700,51.7364817766694,40.15192246987787,arc
4750,52.58819045102531,40.34074173710926,arc
4800,53.4202014332568,40.60307379214086,arc
4850,54.22618261740711,40.936922129633444,arc
4900,55.00000000000012,41.339745962155554,arc
4950,55.73576436351059,41.808479557110026,arc
5000,56.42787609686553,42.33955556881016,arc
5050,57.07106781186562,42.92893218813447,arc
5100,57.66044443118993,43.57212390313455,arc
5150,58.191520442890074,44.26423563648949,arc
5200,58.660254037844545,44.99999999999995,arc
5250,59.06307787036666,45.77381738259296,arc
5300,59.39692620785925,46.57979856674327,arc
5350,59.65925826289086,47.41180954897476,arc
5400,59.84807753012226,48.26351822333067,arc
5450,59.96194698091764,49.1284425725234,arc
5500,60.000000000000185,49.999999999999986,arc
5550,60.00000000000022,60.00000000000006,forward
5600,60.000000000000234,63.53553390593282,forward-B-start
5650,56.464466094067454,60.00000000000007,arc-B
5700,60.00000000000022,60.00000000000006,forward-B-end
5750,70.0000000000003,60.000000000000014,forward
5800,73.53553390593306,60.0,forward-B-start
5850,70.00000000000031,63.53553390593278,arc-B
5900,70.0000000000003,60.000000000000014,forward-B-end
5950,70.00000000000024,49.99999999999993,forward
6000,70.00000000000023,46.46446609406716,forward-B-start
6050,73.53553390593301,49.999999999999915,arc-B
6100,70.00000000000024,49.999999999999936,forward-B-end
6150,60.000000000000156,49.99999999999999,forward
6200,59.12844257252357,49.96194698091745,arc
6250,58.26351822333084,49.84807753012208,arc
6300,57.41180954897493,49.65925826289069,arc
6350,56.57979856674344,49.39692620785909,arc
6400,55.77381738259312,49.063077870366506,arc
6450,55.00000000000011,48.660254037844396,arc
6500,54.26423563648964,48.191520442889924,arc
6550,53.572123903134695,47.66044443118979,arc
6600,52.9289321881346,47.07106781186548,arc
6650,52.33955556881029,46.4278760968654,arc
6700,51.80847955711015,45.73576436351046,arc
6750,51.33974596215567,45.0,arc
6800,50.936922129633544,44.22618261740699,arc
6850,50.603073792140954,43.42020143325668,arc
6900,50.34074173710935,42.58819045102519,arc
6950,50.151922469877945,41.73648177666928,arc
7000,50.03805301908256,40.87155742747655,arc
7050,50.000000000000014,39.999999999999964,arc
7100,49.99999999999996,29.99999999999986,forward
7150,50.0380530190825,29.12844257252327,arc
7200,50.15192246987787,28.26351822333054,arc
7250,50.34074173710926,27.411809548974624,arc
7300,50.60307379214086,26.579798566743133,arc
7350,50.936922129633444,25.773817382592814,arc
7400,51.339745962155554,24.999999999999797,arc
7450,51.808479557110026,24.264235636489325,arc
7500,52.33955556881016,23.572123903134383,arc
7550,52.92893218813447,22.92893218813429,arc
7600,53.57212390313455,22.339555568809974,arc
7650,54.26423563648949,21.808479557109827,arc
7700,54.99999999999996,21.339745962155348,arc
7750,55.773817382592966,20.936922129633224,arc
7800,56.57979856674328,20.60307379214063,arc
7850,57.411809548974766,20.340741737109024,arc
7900,58.26351822333068,20.15192246987762,arc
7950,59.12844257252341,20.038053019082238,arc
8000,60.0,19.999999999999687,arc
8050,70.00000000000011,19.999999999999623,forward
8100,73.5355339059329,19.999999999999602,forward-B-start
8150,70.00000000000013,23.535533905932407,arc-B
8200,70.0000000000001,19.999999999999627,forward-B-end
8250,70.00000000000003,9.999999999999504,forward
8300,70.0,6.464466094066724,forward-B-start
8350,73.53553390593282,9.99999999999948,arc-B
8400,70.00000000000004,9.999999999999508,forward-B-end
8450,59.99999999999992,9.999999999999586,forward
8500,56.46446609406714,9.999999999999615,forward-B-start
8550,59.9999999999999,6.464466094066802,arc-B
8600,59.99999999999993,9.999999999999584,forward-B-end
8650,60.000000000000014,19.99999999999971,forward
8700,59.961946980917475,20.8715574274763,arc
8750,59.848077530122104,21.736481776669034,arc
8800,59.65925826289071,22.58819045102495,arc
8850,59.39692620785912,23.42020143325644,arc
8900,59.063077870366534,24.22618261740676,arc
8950,58.660254037844425,24.99999999999978,arc
9000,58.19152044288995,25.735764363510253,arc
9050,57.660444431189816,26.427876096865198,arc
9100,57.07106781186551,27.071067811865294,arc
9150,56.427876096865425,27.660444431189614,arc
9200,55.73576436351049,28.191520442889765,arc
9250,55.00000000000002,28.660254037844247,arc
9300,54.22618261740701,29.06307787036637,arc
9350,53.4202014332567,29.396926207858968,arc
9400,52.58819045102521,29.659258262890578,arc
9450,51.7364817766693,29.848077530121987,arc
9500,50.87155742747657,29.96194698091737,arc
9550,49.99999999999997,29.999999999999925,arc
9600,39.99999999999983,30.000000000000014,forward
9650,39.128442572523234,29.961946980917478,arc
9700,38.2635182233305,29.848077530122108,arc
9750,37.41180954897458,29.659258262890717,arc
9800,36.57979856674309,29.39692620785912,arc
9850,35.77381738259277,29.063077870366538,arc
9900,34.999999999999744,28.660254037844425,arc
9950,34.26423563648927,28.191520442889956,arc
10000,33.57212390313432,27.660444431189816,arc
10050,32.928932188134226,27.071067811865507,arc
10100,32.33955556880991,26.427876096865422,arc
10150,31.808479557109756,25.735764363510484,arc
10200,31.339745962155273,25.000000000000018,arc
10250,30.936922129633146,24.226182617407005,arc
10300,30.60307379214055,23.42020143325669,arc
10350,30.34074173710894,22.588190451025202,arc
10400,30.15192246987753,21.736481776669287,arc
10450,30.038053019082145,20.871557427476553,arc
10500,29.99999999999959,19.999999999999957,arc
10550,29.9999999999995,9.999999999999812,forward
10600,29.999999999999467,6.464466094067022,forward-B-start
10650,33.53553390593229,9.99999999999978,arc-B
10700,29.9999999999995,9.999999999999815,forward-B-end
10750,19.99999999999935,9.999999999999915,forward
10800,19.128442572522754,9.961946980917379,arc
10850,18.263518223330017,9.84807753012201,arc
10900,17.411809548974098,9.659258262890619,arc
10950,16.579798566742603,9.396926207859025,arc
11000,15.77381738259228,9.063077870366444,arc
11050,14.99999999999926,8.660254037844332,arc
11100,14.264235636488783,8.191520442889864,arc
11150,13.572123903133834,7.660444431189725,arc
11200,12.928932188133736,7.071067811865417,arc
11250,12.339555568809415,6.42787609686533,arc
11300,11.808479557109262,5.735764363510392,arc
11350,11.339745962154778,4.999999999999924,arc
11400,10.93692212963265,4.226182617406909,arc
11450,10.603073792140053,3.4202014332565924,arc
11500,10.340741737108441,2.588190451025102,arc
11550,10.151922469877032,1.7364817766691862,arc
11600,10.038053019081646,0.8715574274764516,arc
11650,9.999999999999092,-1.439959262938828e-13,arc
11700,9.99999999999899,-10.000000000000307,forward
11750,10.038053019081525,-10.871557427476905,arc
11800,10.151922469876894,-11.736481776669642,arc
11850,10.340741737108285,-12.588190451025563,arc
11900,10.60307379213988,-13.42020143325706,arc
11950,10.93692212963246,-14.226182617407384,arc
12000,11.339745962154572,-15.000000000000407,arc
12050,11.80847955710904,-15.735764363510885,arc
12100,12.33955556880918,-16.427876096865834,arc
12150,12.928932188133489,-17.071067811865934,arc
12200,13.572123903133576,-17.660444431190257,arc
12250,14.264235636488515,-18.19152044289041,arc
12300,14.999999999998984,-18.660254037844897,arc
12350,15.773817382591998,-19.063077870367025,arc
12400,16.579798566742316,-19.39692620785962,arc
12450,17.411809548973807,-19.659258262891235,arc
12500,18.263518223329722,-19.848077530122644,arc
12550,19.12844257252246,-19.96194698091803,arc
12600,19.999999999999055,-20.000000000000583,arc
12650,29.999999999999233,-20.00000000000069,forward
12700,33.535533905932034,-20.00000000000073,forward-B-start
12750,29.999999999999265,-16.464466094067888,arc-B
12800,29.999999999999222,-20.00000000000069,forward-B-end
12850,29.999999999999105,-30.000000000000867,forward
12900,30.03805301908164,-30.871557427477466,arc
12950,30.151922469877007,-31.736481776670203,arc
13000,30.3407417371084,-32.58819045102612,arc
13050,30.60307379213999,-33.42020143325762,arc
13100,30.93692212963257,-34.22618261740794,arc
13150,31.339745962154684,-35.000000000000966,arc
13200,31.808479557109152,-35.73576436351144,arc
13250,32.33955556880929,-36.42787609686639,arc
13300,32.928932188133594,-37.07106781186649,arc
13350,33.57212390313368,-37.66044443119082,arc
13400,34.26423563648862,-38.191520442890976,arc
13450,34.99999999999909,-38.66025403784546,arc
13500,35.77381738259211,-39.06307787036759,arc
13550,36.579798566742426,-39.39692620786019,arc
13600,37.41180954897392,-39.659258262891804,arc
13650,38.26351822332984,-39.84807753012321,arc
13700,39.12844257252257,-39.9619469809186,arc
13750,39.99999999999917,-40.00000000000115,arc
13800,49.99999999999936,-40.00000000000127,forward
13850,50.871557427475956,-39.96194698091874,arc
13900,51.7364817766687,-39.848077530123376,arc
13950,52.58819045102462,-39.65925826289199,arc
14000,53.420201433256125,-39.396926207860396,arc
14050,54.22618261740645,-39.06307787036781,arc
14100,54.999999999999474,-38.660254037845704,arc
14150,55.73576436350996,-38.19152044289123,arc
14200,56.42787609686491,-37.660444431191095,arc
14250,57.07106781186501,-37.07106781186678,arc
14300,57.66044443118933,-36.4278760968667,arc
14350,58.19152044288949,-35.735764363511755,arc
14400,58.66025403784398,-35.000000000001286,arc
14450,59.06307787036611,-34.22618261740827,arc
14500,59.39692620785871,-33.42020143325795,arc
14550,59.659258262890326,-32.588190451026456,arc
14600,59.848077530121735,-31.736481776670537,arc
14650,59.96194698091712,-30.8715574274778,arc
14700,59.99999999999967,-30.0000000000012,arc
14750,59.999999999999794,-20.000000000001,forward
14800,59.99999999999984,-16.46446609406819,forward-B-start
14850,56.46446609406697,-20.00000000000096,arc-B
14900,59.99999999999978,-20.000000000001005,forward-B-end
14950,69.99999999999999,-20.00000000000114,forward
15000,73.5355339059328,-20.000000000001187,forward-B-start
15050,70.00000000000004,-16.464466094068325,arc-B
15100,70.0,-20.000000000001137,forward-B-end
15150,69.99999999999986,-30.000000000001346,forward
15200,69.99999999999982,-33.53553390593416,forward-B-start
15250,73.53553390593268,-30.000000000001396,arc-B
15300,69.99999999999987,-30.000000000001343,forward-B-end
15350,59.99999999999966,-30.000000000001194,forward
15400,59.128442572523056,-30.038053019083726,arc
15450,58.263518223330315,-30.15192246987909,arc
15500,57.41180954897439,-30.340741737110477,arc
15550,56.57979856674289,-30.60307379214207,arc
15600,55.77381738259256,-30.93692212963465,arc
15650,54.99999999999953,-31.33974596215676,arc
15700,54.26423563648905,-31.808479557111227,arc
15750,53.57212390313409,-32.33955556881136,arc
15800,52.928932188133984,-32.92893218813567,arc
15850,52.33955556880966,-33.572123903135754,arc
15900,51.8084795571095,-34.264235636490696,arc
15950,51.33974596215501,-35.000000000001165,arc
16000,50.936922129632876,-35.77381738259418,arc
16050,50.60307379214027,-36.5797985667445,arc
16100,50.34074173710866,-37.411809548975995,arc
16150,50.15192246987724,-38.263518223331914,arc
16200,50.03805301908185,-39.128442572524655,arc
16250,49.99999999999929,-40.00000000000126,arc
16300,49.99999999999914,-50.00000000000148,forward
16350,50.03805301908167,-50.87155742747808,arc
16400,50.151922469877036,-51.73648177667082,arc
16450,50.340741737108424,-52.58819045102675,arc
16500,50.603073792140016,-53.42020143325825,arc
16550,50.93692212963259,-54.226182617408575,arc
16600,51.3397459621547,-55.000000000001606,arc
16650,51.808479557109166,-55.73576436351209,arc
16700,52.3395555688093,-56.427876096867045,arc
16750,52.92893218813361,-57.07106781186715,arc
16800,53.57212390313369,-57.66044443119148,arc
16850,54.264235636488635,-58.19152044289164,arc
16900,54.999999999999105,-58.66025403784613,arc
16950,55.77381738259212,-59.06307787036826,arc
17000,56.57979856674244,-59.396926207860865,arc
17050,57.411809548973935,-59.659258262892486,arc
17100,58.263518223329854,-59.8480775301239,arc
17150,59.128442572522594,-59.96194698091929,arc
17200,59.9999999999992,-60.000000000001855,arc
17250,69.99999999999943,-60.00000000000201,forward
17300,73.53553390593225,-60.00000000000207,forward-B-start
17350,69.9999999999995,-56.46446609406919,arc-B
17400,69.99999999999945,-60.000000000002004,forward-B-end
17450,69.99999999999929,-70.00000000000223,forward
17500,69.99999999999923,-73.53553390593505,forward-B-start
17550,73.5355339059321,-70.0000000000023,arc-B
17600,69.99999999999928,-70.00000000000225,forward-B-end
17650,59.99999999999905,-70.00000000000207,forward
17700,56.46446609406623,-70.00000000000202,forward-B-start
17750,59.999999999999,-73.5355339059349,arc-B
17800,59.99999999999906,-70.00000000000207,forward-B-end
17850,59.99999999999924,-60.00000000000184,forward
17900,59.96194698091671,-59.12844257252524,arc
17950,59.848077530121344,-58.2635182233325,arc
18000,59.659258262889956,-57.41180954897657,arc
18050,59.396926207858364,-56.57979856674507,arc
18100,59.06307787036579,-55.773817382594736,arc
18150,58.66025403784368,-55.000000000001705,arc
18200,58.191520442889214,-54.26423563649122,arc
18250,57.66044443118908,-53.572123903136266,arc
18300,57.07106781186477,-52.92893218813616,arc
18350,56.427876096864686,-52.339555568811825,arc
18400,55.735764363509745,-51.80847955711166,arc
18450,54.999999999999275,-51.33974596215717,arc
18500,54.22618261740626,-50.93692212963503,arc
18550,53.42020143325594,-50.603073792142425,arc
18600,52.588190451024445,-50.340741737110804,arc
18650,51.736481776668526,-50.15192246987939,arc
18700,50.871557427475786,-50.038053019083996,arc
18750,49.99999999999918,-50.000000000001435,arc
18800,39.999999999998934,-50.00000000000125,forward
18850,39.12844257252233,-50.03805301908378,arc
18900,38.263518223329584,-50.151922469879146,arc
18950,37.41180954897366,-50.340741737110534,arc
19000,36.579798566742156,-50.603073792142126,arc
19050,35.77381738259182,-50.9369221296347,arc
19100,34.99999999999879,-51.33974596215681,arc
19150,34.2642356364883,-51.808479557111276,arc
19200,33.572123903133345,-52.33955556881141,arc
19250,32.92893218813324,-52.92893218813572,arc
19300,32.339555568808905,-53.572123903135804,arc
19350,31.80847955710874,-54.264235636490746,arc
19400,31.339745962154247,-55.000000000001215,arc
19450,30.93692212963211,-55.77381738259423,arc
19500,30.6030737921395,-56.57979856674455,arc
19550,30.34074173710788,-57.411809548976045,arc
19600,30.15192246987646,-58.263518223331964,arc
19650,30.038053019081065,-59.128442572524705,arc
19700,29.999999999998504,-60.00000000000131,arc
19750,29.999999999998316,-70.00000000000156,forward
19800,29.99999999999825,-73.53553390593439,forward-B-start
19850,33.53553390593115,-70.00000000000162,arc-B
19900,29.999999999998323,-70.00000000000155,forward-B-end
19950,19.999999999998067,-70.00000000000135,forward
20000,16.464466094065237,-70.00000000000128,forward-B-start
20050,19.999999999997996,-73.53553390593419,arc-B
20100,19.999999999998067,-70.00000000000136,forward-B-end
20150,19.99999999999827,-60.00000000000111,forward
20200,19.99999999999834,-56.46446609406828,forward-B-start
20250,16.46446609406544,-60.00000000000104,arc-B
20300,19.99999999999827,-60.00000000000111,forward-B-end
20350,29.999999999998536,-60.000000000001315,forward
20400,30.871557427475143,-59.96194698091879,arc
20450,31.73648177666789,-59.848077530123426,arc
20500,32.58819045102382,-59.65925826289204,arc
20550,33.42020143325533,-59.39692620786045,arc
20600,34.22618261740566,-59.06307787036788,arc
20650,34.9999999999987,-58.66025403784577,arc
20700,35.73576436350919,-58.1915204428913,arc
20750,36.42787609686415,-57.660444431191166,arc
20800,37.07106781186427,-57.07106781186686,arc
20850,37.6604444311886,-56.427876096866775,arc
20900,38.191520442888766,-55.735764363511834,arc
20950,38.660254037843266,-55.000000000001364,arc
21000,39.063077870365404,-54.22618261740835,arc
21050,39.396926207858016,-53.42020143325803,arc
21100,39.65925826288964,-52.588190451026534,arc
21150,39.84807753012106,-51.73648177667061,arc
21200,39.96194698091646,-50.87155742747787,arc
21250,39.99999999999902,-50.000000000001265,arc
21300,39.99999999999923,-40.000000000000995,forward
21350,39.96194698091671,-39.128442572524385,arc
21400,39.84807753012135,-38.26351822333164,arc
21450,39.65925826288996,-37.411809548975704,arc
21500,39.39692620785838,-36.579798566744195,arc
21550,39.0630778703658,-35.77381738259386,arc
21600,38.66025403784369,-35.000000000000824,arc
21650,38.19152044288923,-34.26423563649033,arc
21700,37.66044443118909,-33.57212390313537,arc
21750,37.071067811864786,-32.928932188135256,arc
21800,36.4278760968647,-32.33955556881092,arc
21850,35.73576436350976,-31.808479557110754,arc
21900,34.99999999999929,-31.339745962156258,arc
21950,34.22618261740627,-30.936922129634116,arc
22000,33.420201433255954,-30.603073792141505,arc
22050,32.58819045102446,-30.34074173710988,arc
22100,31.736481776668537,-30.151922469878457,arc
22150,30.871557427475793,-30.03805301908306,arc
22200,29.999999999999186,-30.000000000000494,arc
22250,19.999999999998906,-30.000000000000274,forward
22300,16.46446609406607,-30.000000000000195,forward-B-start
22350,19.99999999999883,-33.53553390593311,arc-B
22400,19.999999999998913,-30.00000000000027,forward-B-end
22450,19.99999999999914,-19.999999999999986,forward
22500,19.961946980916615,-19.12844257252338,arc
22550,19.848077530121255,-18.26351822333063,arc
22600,19.65925826288987,-17.4118095489747,arc
22650,19.396926207858282,-16.57979856674319,arc
22700,19.063077870365706,-15.773817382592853,arc
22750,18.6602540378436,-14.999999999999815,arc
22800,18.191520442889136,-14.264235636489323,arc
22850,17.660444431189,-13.572123903134358,arc
22900,17.07106781186469,-12.928932188134244,arc
22950,16.427876096864605,-12.339555568809907,arc
23000,15.735764363509665,-11.808479557109738,arc
23050,14.999999999999194,-11.33974596215524,arc
23100,14.226182617406176,-10.936922129633096,arc
23150,13.420201433255853,-10.603073792140483,arc
23200,12.588190451024355,-10.340741737108857,arc
23250,11.73648177666843,-10.151922469877434,arc
23300,10.871557427475686,-10.038053019082035,arc
23350,9.99999999999908,-9.999999999999469,arc
23400,-1.2114753644709708e-12,-9.999999999999234,forward
23450,-0.8715574274778195,-10.03805301908176,arc
23500,-1.7364817766705691,-10.151922469877118,arc
23550,-2.5881904510265024,-10.340741737108502,arc
23600,-3.4202014332580126,-10.603073792140089,arc
23650,-4.226182617408351,-10.936922129632665,arc
23700,-5.000000000001388,-11.339745962154772,arc
23750,-5.735764363511882,-11.808479557109237,arc
23800,-6.4278760968668465,-12.339555568809374,arc
23850,-7.071067811866961,-12.92893218813368,arc
23900,-7.6604444311913,-13.572123903133768,arc
23950,-8.19152044289147,-14.264235636488708,arc
24000,-8.66025403784597,-14.99999999999918,arc
24050,-9.063077870368113,-15.773817382592199,arc
24100,-9.396926207860727,-16.57979856674252,arc
24150,-9.659258262892353,-17.41180954897402,arc
24200,-9.848077530123776,-18.263518223329946,arc
24250,-9.961946980919175,-19.12844257252269,arc
24300,-10.00000000000174,-19.999999999999297,arc
24350,-10.000000000001979,-29.999999999999595,forward
24400,-10.000000000002062,-33.53553390593244,forward-B-start
24450,-6.464466094069133,-29.999999999999673,arc-B
24500,-10.000000000001977,-29.999999999999584,forward-B-end
24550,-20.00000000000228,-29.99999999999934,forward
24600,-20.87155742747889,-30.038053019081865,arc
24650,-21.736481776671642,-30.15192246987722,arc
24700,-22.588190451027575,-30.3407417371086,arc
24750,-23.420201433259088,-30.603073792140187,arc
24800,-24.226182617409428,-30.936922129632762,arc
24850,-25.00000000000247,-31.33974596215487,arc
24900,-25.735764363512963,-31.808479557109333,arc
24950,-26.42787609686793,-32.33955556880947,arc
25000,-27.071067811868048,-32.92893218813378,arc
25050,-27.66044443119239,-33.572123903133864,arc
25100,-28.19152044289256,-34.264235636488806,arc
25150,-28.66025403784706,-34.999999999999275,arc
25200,-29.063077870369206,-35.77381738259229,arc
25250,-29.39692620786182,-36.57979856674262,arc
25300,-29.65925826289345,-37.41180954897412,arc
25350,-29.848077530124872,-38.263518223330045,arc
25400,-29.96194698092027,-39.12844257252279,arc
25450,-30.00000000000284,-39.9999999999994,arc
25500,-30.000000000003087,-49.999999999999716,forward
25550,-29.961946980920562,-50.871557427476326,arc
25600,-29.848077530125206,-51.73648177666908,arc
25650,-29.659258262893825,-52.588190451025014,arc
25700,-29.39692620786224,-53.42020143325652,arc
25750,-29.063077870369664,-54.22618261740686,arc
25800,-28.660254037847558,-54.9999999999999,arc
25850,-28.191520442893093,-55.7357643635104,arc
25900,-27.660444431192957,-56.42787609686537,arc
25950,-27.071067811868648,-57.07106781186548,arc
26000,-26.42787609686856,-57.66044443118982,arc
26050,-25.735764363513617,-58.191520442889995,arc
26100,-25.000000000003144,-58.660254037844496,arc
26150,-24.226182617410124,-59.06307787036664,arc
26200,-23.4202014332598,-59.39692620785926,arc
26250,-22.588190451028296,-59.65925826289089,arc
26300,-21.73648177667237,-59.84807753012231,arc
26350,-20.871557427479623,-59.96194698091771,arc
26400,-20.000000000003013,-60.00000000000028,arc
26450,-10.000000000002686,-60.00000000000053,forward
26500,-6.464466094069833,-60.000000000000625,forward-B-start
26550,-10.000000000002595,-56.46446609406768,arc-B
26600,-10.000000000002688,-60.00000000000053,forward-B-end
26650,-10.000000000002949,-70.00000000000087,forward
26700,-10.000000000003041,-73.53553390593372,forward-B-start
26750,-6.464466094070093,-70.00000000000097,arc-B
26800,-10.000000000002947,-70.00000000000087,forward-B-end
26850,-20.000000000003276,-70.0000000000006,forward
26900,-23.53553390593613,-70.0000000000005,forward-B-start
26950,-20.00000000000337,-73.53553390593345,arc-B
27000,-20.000000000003272,-70.0000000000006,forward-B-end
27050,-20.000000000002995,-60.00000000000026,forward
27100,-20.038053019085517,-59.12844257252365,arc
27150,-20.151922469880873,-58.2635182233309,arc
27200,-20.340741737112253,-57.41180954897496,arc
27250,-20.60307379214384,-56.57979856674344,arc
27300,-20.93692212963641,-55.7738173825931,arc
27350,-21.339745962158517,-55.00000000000006,arc
27400,-21.80847955711298,-54.26423563648956,arc
27450,-22.339555568813118,-53.57212390313459,arc
27500,-22.928932188137427,-52.92893218813447,arc
27550,-23.572123903137516,-52.33955556881013,arc
27600,-24.264235636492458,-51.808479557109955,arc
27650,-25.00000000000293,-51.33974596215545,arc
27700,-25.77381738259595,-50.9369221296333,arc
27750,-26.579798566746277,-50.603073792140684,arc
27800,-27.41180954897778,-50.340741737109056,arc
27850,-28.26351822333371,-50.151922469877626,arc
27900,-29.128442572526456,-50.03805301908222,arc
27950,-30.000000000003066,-49.99999999999965,arc
28000,-40.00000000000341,-49.999999999999375,forward
28050,-40.87155742748002,-50.03805301908189,arc
28100,-41.736481776672775,-50.15192246987725,arc
28150,-42.588190451028716,-50.34074173710863,arc
28200,-43.42020143326023,-50.603073792140215,arc
28250,-44.22618261741058,-50.93692212963279,arc
28300,-45.000000000003624,-51.33974596215489,arc
28350,-45.73576436351412,-51.80847955710936,arc
28400,-46.42787609686909,-52.339555568809494,arc
28450,-47.07106781186921,-52.9289321881338,arc
28500,-47.660444431193554,-53.572123903133885,arc
28550,-48.19152044289373,-54.26423563648883,arc
28600,-48.66025403784824,-54.999999999999304,arc
28650,-49.06307787037039,-55.77381738259233,arc
28700,-49.39692620786301,-56.57979856674265,arc
28750,-49.659258262894646,-57.411809548974155,arc
28800,-49.848077530126076,-58.26351822333008,arc
28850,-49.96194698092148,-59.12844257252283,arc
28900,-50.00000000000405,-59.99999999999944,arc
28950,-50.000000000004334,-69.9999999999998,forward
29000,-50.000000000004434,-73.53553390593267,forward-B-start
29050,-46.46446609407147,-69.99999999999991,arc-B
29100,-50.000000000004334,-69.99999999999982,forward-B-end
29150,-60.00000000000469,-69.99999999999953,forward
29200,-63.535533905937555,-69.99999999999943,forward-B-start
29250,-60.00000000000479,-73.5355339059324,arc-B
29300,-60.00000000000468,-69.99999999999953,forward-B-end
29350,-60.000000000004384,-59.999999999999176,forward
29400,-60.00000000000428,-56.46446609406631,forward-B-start
29450,-63.53553390593725,-59.99999999999907,arc-B
29500,-60.000000000004384,-59.999999999999176,forward-B-end
29550,-50.00000000000402,-59.99999999999948,forward
29600,-49.128442572527405,-59.96194698091696,arc
29650,-48.26351822333465,-59.848077530121614,arc
29700,-47.41180954897871,-59.65925826289023,arc
29750,-46.57979856674719,-59.39692620785865,arc
29800,-45.773817382596846,-59.06307787036608,arc
29850,-45.0000000000038,-58.66025403784398,arc
29900,-44.2642356364933,-58.19152044288951,arc
29950,-43.57212390313832,-57.660444431189376,arc
30000,-42.9289321881382,-57.07106781186507,arc
30050,-42.33955556881385,-56.427876096864985,arc
30100,-41.80847955711367,-55.73576436351004,arc
30150,-41.339745962159164,-54.99999999999957,arc
30200,-40.93692212963701,-54.22618261740654,arc
30250,-40.60307379214439,-53.42020143325622,arc
30300,-40.34074173711276,-52.588190451024715,arc
30350,-40.15192246988133,-51.73648177666878,arc
30400,-40.03805301908592,-50.871557427476034,arc
30450,-40.00000000000335,-49.999999999999424,arc
30500,-40.000000000003034,-39.999999999999055,forward
30550,-40.03805301908555,-39.12844257252244,arc
30600,-40.1519224698809,-38.26351822332968,arc
30650,-40.34074173711228,-37.41180954897374,arc
30700,-40.60307379214387,-36.57979856674223,arc
30750,-40.936922129636436,-35.77381738259188,arc
30800,-41.33974596215854,-34.999999999998835,arc
30850,-41.808479557113,-34.26423563648833,arc
30900,-42.33955556881314,-33.57212390313335,arc
30950,-42.928932188137445,-32.928932188133224,arc
31000,-43.57212390313753,-32.339555568808876,arc
31050,-44.26423563649247,-31.808479557108697,arc
31100,-45.00000000000295,-31.339745962154186,arc
31150,-45.77381738259597,-30.936922129632034,arc
31200,-46.5797985667463,-30.603073792139412,arc
31250,-47.4118095489778,-30.340741737107777,arc
31300,-48.26351822333373,-30.151922469876347,arc
31350,-49.12844257252648,-30.03805301908094,arc
31400,-50.0000000000031,-29.999999999998366,arc
31450,-60.00000000000348,-29.99999999999805,forward
31500,-63.535533905936354,-29.99999999999794,forward-B-start
31550,-60.00000000000359,-33.535533905930926,arc-B
31600,-60.000000000003475,-29.999999999998053,forward-B-end
31650,-60.000000000003155,-19.999999999997666,forward
31700,-60.00000000000304,-16.464466094064793,forward-B-start
31750,-63.53553390593604,-19.999999999997552,arc-B
31800,-60.00000000000317,-19.99999999999767,forward-B-end
31850,-50.00000000000278,-19.999999999998,forward
31900,-46.464466094069905,-19.999999999998117,forward-B-start
31950,-50.000000000002665,-16.464466094065124,arc-B
32000,-50.000000000002785,-19.999999999998,forward-B-end
32050,-50.000000000003126,-29.999999999998394,forward
32100,-49.96194698092061,-30.87155742747501,arc
32150,-49.84807753012526,-31.73648177666777,arc
32200,-49.659258262893886,-32.58819045102371,arc
32250,-49.39692620786231,-33.42020143325524,arc
32300,-49.06307787036974,-34.226182617405584,arc
32350,-48.660254037847636,-34.999999999998636,arc
32400,-48.19152044289317,-35.73576436350914,arc
32450,-47.660444431193035,-36.42787609686412,arc
32500,-47.07106781186873,-37.071067811864246,arc
32550,-46.427876096868644,-37.660444431188594,arc
32600,-45.7357643635137,-38.19152044288877,arc
32650,-45.000000000003226,-38.66025403784329,arc
32700,-44.2261826174102,-39.06307787036545,arc
32750,-43.42020143325988,-39.39692620785807,arc
32800,-42.588190451028375,-39.65925826288971,arc
32850,-41.73648177667244,-39.848077530121145,arc
32900,-40.87155742747969,-39.96194698091655,arc
32950,-40.00000000000307,-39.999999999999126,arc
33000,-30.000000000002665,-39.99999999999947,forward
33050,-29.128442572526048,-39.96194698091695,arc
33100,-28.263518223333286,-39.8480775301216,arc
33150,-27.41180954897734,-39.659258262890226,arc
33200,-26.57979856674582,-39.39692620785865,arc
33250,-25.773817382595468,-39.06307787036608,arc
33300,-25.000000000002416,-38.66025403784398,arc
33350,-24.264235636491907,-38.19152044288951,arc
33400,-23.572123903136927,-37.660444431189376,arc
33450,-22.9289321881368,-37.07106781186507,arc
33500,-22.339555568812447,-36.427876096864985,arc
33550,-21.808479557112264,-35.73576436351004,arc
33600,-21.33974596215775,-34.99999999999957,arc
33650,-20.936922129635594,-34.22618261740654,arc
33700,-20.60307379214297,-33.42020143325622,arc
33750,-20.34074173711133,-32.58819045102471,arc
33800,-20.151922469879896,-31.736481776668775,arc
33850,-20.038053019084487,-30.87155742747602,arc
33900,-20.00000000000191,-29.999999999999403,arc
33950,-20.000000000001567,-19.99999999999898,forward
34000,-20.000000000001446,-16.464466094066093,forward-B-start
34050,-23.535533905934457,-19.99999999999886,arc-B
34100,-20.00000000000157,-19.999999999998984,forward-B-end
34150,-10.000000000001146,-19.999999999999336,forward
34200,-9.128442572524525,-19.96194698091682,arc
34250,-8.263518223331763,-19.848077530121472,arc
34300,-7.411809548975816,-19.659258262890095,arc
34350,-6.579798566744291,-19.396926207858513,arc
34400,-5.773817382593938,-19.063077870365944,arc
34450,-5.000000000000885,-18.660254037843842,arc
34500,-4.264235636490375,-18.19152044288938,arc
34550,-3.5721239031353944,-17.660444431189244,arc
34600,-2.9289321881352635,-17.071067811864935,arc
34650,-2.33955556881091,-16.427876096864846,arc
34700,-1.8084795571107253,-15.735764363509903,arc
34750,-1.3397459621562104,-14.999999999999426,arc
34800,-0.9369221296340526,-14.226182617406401,arc
34850,-0.6030737921414255,-13.420201433256072,arc
34900,-0.34074173710978584,-12.588190451024564,arc
34950,-0.1519224698783499,-11.73648177666863,arc
35000,-0.03805301908293973,-10.871557427475874,arc
35050,-3.626474120999035e-13,-9.999999999999256,arc
35100,-9.596490269103697e-15,1.177724584522366e-12,forward
35150,-0.03805301908252515,0.8715574274777986,arc
35200,-0.15192246987787428,1.736481776670562,arc
35250,-0.3407417371092501,2.58819045102651,arc
35300,-0.6030737921408311,3.4202014332580353,arc
35350,-0.9369221296334014,4.226182617408389,arc
35400,-1.3397459621555048,5.000000000001442,arc
35450,-1.808479557109968,5.735764363511953,arc
35500,-2.3395555688101046,6.427876096866934,arc
35550,-2.9289321881344135,7.071067811867065,arc
35600,-3.572123903134503,7.6604444311914195,arc
35650,-4.264235636489447,8.191520442891605,arc
35700,-4.9999999999999245,8.66025403784612,arc
35750,-5.77381738259295,9.063077870368277,arc
35800,-6.579798566743282,9.396926207860904,arc
35850,-7.411809548974789,9.659258262892545,arc
35900,-8.263518223330724,9.84807753012398,arc
35950,-9.12844257252348,9.961946980919391,arc
36000,-10.0000000000001,10.000000000001968,arc
36050,-20.000000000000547,10.000000000002322,forward
36100,-23.53553390593344,10.000000000002446,forward-B-start
36150,-20.000000000000668,6.464466094069423,arc-B
36200,-20.00000000000054,10.00000000000232,forward-B-end
36250,-20.00000000000018,20.000000000002768,forward
36300,-20.038053019082696,20.871557427479388,arc
36350,-20.151922469878045,21.736481776672154,arc
36400,-20.340741737109422,22.588190451028105,arc
36450,-20.603073792141004,23.42020143325963,arc
36500,-20.936922129633572,24.226182617409986,arc
36550,-21.339745962155675,25.00000000000304,arc
36600,-21.80847955711014,25.735764363513553,arc
36650,-22.339555568810276,26.427876096868538,arc
36700,-22.928932188134585,27.07106781186867,arc
36750,-23.572123903134674,27.660444431193024,arc
36800,-24.26423563648962,28.19152044289321,arc
36850,-25.000000000000096,28.66025403784773,arc
36900,-25.773817382593123,29.063077870369888,arc
36950,-26.579798566743456,29.396926207862517,arc
37000,-27.411809548974965,29.65925826289416,arc
37050,-28.2635182233309,29.848077530125597,arc
37100,-29.12844257252366,29.96194698092101,arc
37150,-30.00000000000028,30.00000000000359,arc
37200,-40.00000000000074,30.000000000003947,forward
37250,-40.87155742747736,29.961946980921432,arc
37300,-41.73648177667013,29.848077530126083,arc
37350,-42.58819045102608,29.659258262894706,arc
37400,-43.42020143325761,29.396926207863125,arc
37450,-44.226182617407964,29.063077870370552,arc
37500,-45.00000000000102,28.66025403784845,arc
37550,-45.735764363511535,28.191520442893985,arc
37600,-46.42787609686652,27.66044443119385,arc
37650,-47.071067811866655,27.07106781186954,arc
37700,-47.66044443119101,26.427876096869447,arc
37750,-48.191520442891196,25.7357643635145,arc
37800,-48.66025403784571,25.00000000000402,arc
37850,-49.06307787036787,24.226182617410995,arc
37900,-49.396926207860496,23.42020143326066,arc
37950,-49.65925826289214,22.588190451029153,arc
38000,-49.848077530123575,21.736481776673216,arc
38050,-49.96194698091899,20.871557427480457,arc
38100,-50.00000000000156,20.000000000003837,arc
38150,-50.00000000000192,10.000000000003359,forward
38200,-50.000000000002046,6.464466094070453,forward-B-start
38250,-46.464466094069024,10.000000000003237,arc-B
38300,-50.00000000000193,10.000000000003364,forward-B-end
38350,-60.000000000002416,10.000000000003725,forward
38400,-63.535533905935324,10.000000000003853,forward-B-start
38450,-60.00000000000253,6.464466094070815,arc-B
38500,-60.0000000000024,10.000000000003723,forward-B-end
38550,-60.00000000000203,20.000000000004206,forward
38600,-60.000000000001904,23.535533905937115,forward-B-start
38650,-63.53553390593494,20.000000000004334,arc-B
38700,-60.00000000000203,20.000000000004203,forward-B-end
38750,-50.00000000000155,20.000000000003826,forward
38800,-49.128442572524925,20.03805301908634,arc
38850,-48.263518223332156,20.15192246988169,arc
38900,-47.4118095489762,20.340741737113063,arc
38950,-46.57979856674467,20.603073792144645,arc
39000,-45.77381738259431,20.936922129637214,arc
39050,-45.00000000000125,21.339745962159316,arc
39100,-44.26423563649074,21.80847955711378,arc
39150,-43.572123903135754,22.339555568813918,arc
39200,-42.92893218813562,22.928932188138226,arc
39250,-42.33955556881126,23.57212390313832,arc
39300,-41.80847955711106,24.264235636493265,arc
39350,-41.33974596215654,25.000000000003745,arc
39400,-40.93692212963438,25.773817382596775,arc
39450,-40.60307379214175,26.579798566747108,arc
39500,-40.34074173711011,27.41180954897862,arc
39550,-40.15192246987867,28.26351822333456,arc
39600,-40.03805301908326,29.128442572527323,arc
39650,-40.000000000000675,30.000000000003947,arc
39700,-40.0000000000003,40.00000000000445,forward
39750,-40.03805301908281,40.87155742748107,arc
39800,-40.15192246987816,41.73648177667384,arc
39850,-40.34074173710953,42.588190451029796,arc
39900,-40.60307379214111,43.420201433261326,arc
39950,-40.93692212963368,44.22618261741169,arc
40000,-41.33974596215578,45.000000000004746,arc
40050,-41.808479557110246,45.735764363515266,arc
40100,-42.33955556881038,46.42787609687025,arc
40150,-42.928932188134695,47.071067811870385,arc
40200,-43.57212390313479,47.66044443119475,arc
40250,-44.26423563648974,48.19152044289494,arc
40300,-45.00000000000022,48.66025403784946,arc
40350,-45.77381738259325,49.06307787037163,arc
40400,-46.579798566743584,49.39692620786426,arc
40450,-47.41180954897509,49.659258262895904,arc
40500,-48.26351822333103,49.84807753012734,arc
40550,-49.128442572523795,49.961946980922754,arc
40600,-50.00000000000042,50.000000000005336,arc
40650,-60.00000000000094,50.00000000000572,forward
40700,-63.53553390593386,50.000000000005855,forward-B-start
40750,-60.000000000001094,46.464466094072804,arc-B
40800,-60.00000000000096,50.00000000000573,forward-B-end
40850,-60.00000000000057,60.00000000000624,forward
40900,-60.00000000000043,63.53553390593916,forward-B-start
40950,-63.53553390593349,60.00000000000639,arc-B
41000,-60.00000000000057,60.000000000006246,forward-B-end
41050,-50.00000000000005,60.00000000000585,forward
41100,-46.46446609406713,60.000000000005706,forward-B-start
41150,-49.999999999999915,63.53553390593876,arc-B
41200,-50.00000000000006,60.00000000000584,forward-B-end
41250,-50.00000000000046,50.000000000005315,forward
41300,-49.96194698091795,49.128442572528684,arc
41350,-49.8480775301226,48.263518223335915,arc
41400,-49.65925826289123,47.41180954897996,arc
41450,-49.39692620785965,46.57979856674842,arc
41500,-49.06307787036708,45.77381738259806,arc
41550,-48.66025403784498,45.000000000004995,arc
41600,-48.191520442890514,44.264235636494476,arc
41650,-47.66044443119038,43.572123903139484,arc
41700,-47.071067811866065,42.92893218813934,arc
41750,-46.42787609686597,42.33955556881498,arc
41800,-45.735764363511024,41.80847955711479,arc
41850,-45.00000000000054,41.339745962160265,arc
41900,-44.22618261740751,40.9369221296381,arc
41950,-43.420201433257176,40.603073792145466,arc
42000,-42.58819045102566,40.34074173711382,arc
42050,-41.73648177666972,40.15192246988237,arc
42100,-40.87155742747696,40.03805301908696,arc
42150,-40.000000000000334,40.00000000000438,arc
42200,-29.999999999999794,40.00000000000397,forward
42250,-29.128442572523163,40.03805301908648,arc
42300,-28.26351822333039,40.15192246988183,arc
42350,-27.411809548974432,40.340741737113206,arc
42400,-26.579798566742898,40.603073792144784,arc
42450,-25.773817382592533,40.93692212963735,arc
42500,-24.999999999999467,41.339745962159455,arc
42550,-24.264235636488948,41.80847955711392,arc
42600,-23.572123903133956,42.339555568814056,arc
42650,-22.928932188133814,42.92893218813837,arc
42700,-22.339555568809452,43.57212390313846,arc
42750,-21.80847955710926,44.26423563649341,arc
42800,-21.339745962154733,45.000000000003894,arc
42850,-20.936922129632567,45.773817382596924,arc
42900,-20.60307379213993,46.579798566747264,arc
42950,-20.34074173710828,47.41180954897878,arc
43000,-20.151922469876837,48.26351822333472,arc
43050,-20.03805301908142,49.12844257252748,arc
43100,-19.99999999999884,50.000000000004114,arc
43150,-19.999999999998426,60.00000000000467,forward
43200,-19.99999999999828,63.5355339059376,forward-B-start
43250,-23.535533905931366,60.00000000000481,arc-B
43300,-19.999999999998433,60.00000000000466,forward-B-end
43350,-9.999999999997875,60.00000000000424,forward
43400,-6.4644660940649405,60.00000000000409,forward-B-start
43450,-9.999999999997728,63.53553390593718,arc-B
43500,-9.999999999997879,60.00000000000424,forward-B-end
43550,-9.999999999998307,50.00000000000368,forward
43600,-9.999999999998458,46.464466094070744,forward-B-start
43650,-6.464466094065367,50.000000000003524,arc-B
43700,-9.999999999998302,50.00000000000368,forward-B-end
43750,-19.999999999998863,50.000000000004114,forward
43800,-20.871557427475494,49.9619469809216,arc
43850,-21.73648177666827,49.84807753012626,arc
43900,-22.588190451024232,49.65925826289489,arc
43950,-23.42020143325577,49.39692620786331,arc
44000,-24.226182617406135,49.06307787037074,arc
44050,-24.9999999999992,48.66025403784864,arc
44100,-25.735764363509723,48.19152044289417,arc
44150,-26.42787609686472,47.66044443119404,arc
44200,-27.07106781186486,47.071067811869725,arc
44250,-27.660444431189227,46.42787609686963,arc
44300,-28.191520442889423,45.73576436351468,arc
44350,-28.660254037843952,45.0000000000042,arc
44400,-29.063077870366122,44.22618261741117,arc
44450,-29.396926207858762,43.42020143326083,arc
44500,-29.65925826289041,42.58819045102931,arc
44550,-29.848077530121856,41.736481776673365,arc
44600,-29.961946980917276,40.871557427480596,arc
44650,-29.99999999999986,40.000000000003965,arc
44700,-30.0000000000003,30.00000000000339,forward
44750,-29.96194698091779,29.128442572526755,arc
44800,-29.848077530122445,28.26351822333398,arc
44850,-29.659258262891075,27.411809548978017,arc
44900,-29.396926207859497,26.57979856674648,arc
44950,-29.06307787036693,25.77381738259611,arc
45000,-28.660254037844826,25.00000000000304,arc
45050,-28.19152044289036,24.26423563649252,arc
45100,-27.660444431190225,23.572123903137523,arc
45150,-27.071067811865912,22.928932188137377,arc
45200,-26.42787609686582,22.33955556881301,arc
45250,-25.73576436351087,21.80847955711281,arc
45300,-25.000000000000387,21.339745962158283,arc
45350,-24.226182617407353,20.936922129636113,arc
45400,-23.420201433257013,20.603073792143473,arc
45450,-22.588190451025497,20.340741737111824,arc
45500,-21.73648177666955,20.15192246988038,arc
45550,-20.87155742747678,20.03805301908496,arc
45600,-20.00000000000015,20.000000000002373,arc
45650,-9.999999999999561,20.00000000000194,forward
45700,-6.464466094066616,20.000000000001787,forward-B-start
45750,-9.999999999999408,23.535533905934887,arc-B
45800,-9.999999999999565,20.00000000000194,forward-B-end
45850,-10.000000000000007,10.00000000000135,forward
45900,-9.9619469809175,9.128442572524715,arc
45950,-9.848077530122156,8.263518223331937,arc
46000,-9.659258262890784,7.411809548975975,arc
46050,-9.396926207859206,6.579798566744434,arc
46100,-9.063077870366637,5.773817382594064,arc
46150,-8.660254037844535,5.000000000000995,arc
46200,-8.19152044289007,4.264235636490469,arc
46250,-7.660444431189932,3.5721239031354726,arc
46300,-7.071067811865619,2.928932188135326,arc
46350,-6.427876096865525,2.3395555688109573,arc
46400,-5.735764363510574,1.8084795571107575,arc
46450,-5.00000000000009,1.3397459621562282,arc
46500,-4.226182617407055,0.9369221296340567,arc
46550,-3.420201433256714,0.603073792141417,arc
46600,-2.588190451025196,0.3407417371097656,arc
46650,-1.7364817766692484,0.151922469878319,arc
46700,-0.8715574274764795,0.03805301908289935,arc
46750,1.5332179970073412e-13,3.1402658251522553e-13,arc
